电影中文名,电影英文名,电影详情页链接,导演,主演,上映年份,国籍,类型,评分,评分人数
肖申克的救赎,The Shawshank Redemption,https://movie.douban.com/subject/1292052/,弗兰克·德拉邦特 Frank Darabont,蒂姆·罗宾斯 Tim Robbins /...,1994 ,美国,犯罪 剧情,9.7,3231738人评价
霸王别姬,再见，我的妾  /  Farewell My Concubine,https://movie.douban.com/subject/1291546/,陈凯歌 Kaige Chen,张国荣 Leslie Cheung / 张丰毅 Fengyi Zha...,1993 ,中国大陆 中国香港,剧情 爱情 同性,9.6,2385359人评价
泰坦尼克号,Titanic,https://movie.douban.com/subject/1292722/,詹姆斯·卡梅隆 James Cameron,莱昂纳多·迪卡普里奥 Leonardo...,1997 ,美国 墨西哥,剧情 爱情 灾难,9.5,2454804人评价
阿甘正传,Forrest Gump,https://movie.douban.com/subject/1292720/,罗伯特·泽米吉斯 Robert Zemeckis,汤姆·汉克斯 Tom Hanks / ...,1994 ,美国,剧情 爱情,9.5,2395114人评价
千与千寻,千と千尋の神隠し,https://movie.douban.com/subject/1291561/,宫崎骏 Hayao Miyazaki,柊瑠美 Rumi Hîragi / 入野自由 Miy...,2001 ,日本,剧情 动画 奇幻,9.4,2495239人评价
美丽人生,La vita è bella,https://movie.douban.com/subject/1292063/,罗伯托·贝尼尼 Roberto Benigni,罗伯托·贝尼尼 Roberto Beni...,1997 ,意大利,剧情 喜剧 爱情 战争,9.5,1460080人评价
星际穿越,Interstellar,https://movie.douban.com/subject/1889243/,克里斯托弗·诺兰 Christopher Nolan,马修·麦康纳 Matthew Mc...,2014 ,美国 英国 加拿大,剧情 科幻 冒险,9.4,2135143人评价
这个杀手不太冷,Léon,https://movie.douban.com/subject/1295644/,吕克·贝松 Luc Besson,让·雷诺 Jean Reno / 娜塔莉·波特曼 ...,1994 ,法国 美国,剧情 动作 犯罪,9.4,2519281人评价
盗梦空间,Inception,https://movie.douban.com/subject/3541415/,克里斯托弗·诺兰 Christopher Nolan,莱昂纳多·迪卡普里奥 Le...,2010 ,美国 英国,剧情 科幻 悬疑 冒险,9.4,2289862人评价
楚门的世界,The Truman Show,https://movie.douban.com/subject/1292064/,彼得·威尔 Peter Weir,金·凯瑞 Jim Carrey / 劳拉·琳妮 Lau...,1998 ,美国,剧情 科幻,9.4,1978518人评价
辛德勒的名单,Schindler's List,https://movie.douban.com/subject/1295124/,史蒂文·斯皮尔伯格 Steven Spielberg,连姆·尼森 Liam Neeson...,1993 ,美国,剧情 历史 战争,9.5,1230492人评价
忠犬八公的故事,Hachi: A Dog's Tale,https://movie.douban.com/subject/3011091/,莱塞·霍尔斯道姆 Lasse Hallström,理查·基尔 Richard Ger...,2009 ,美国 英国,剧情,9.4,1522870人评价
海上钢琴师,La leggenda del pianista sull'oceano,https://movie.douban.com/subject/1292001/,朱塞佩·托纳多雷 Giuseppe Tornatore,蒂姆·罗斯 Tim Roth / ...,1998 ,意大利,剧情 音乐,9.3,1853408人评价
疯狂动物城,Zootopia,https://movie.douban.com/subject/25662329/,拜伦·霍华德 Byron Howard / 瑞奇·摩尔 Rich Moore,金妮弗·...,2016 ,美国,喜剧 动画 冒险,9.3,2230526人评价
三傻大闹宝莱坞,3 Idiots,https://movie.douban.com/subject/3793023/,拉库马·希拉尼 Rajkumar Hirani,阿米尔·汗 Aamir Khan / 卡...,2009 ,印度,剧情 喜剧 爱情 歌舞,9.2,2047843人评价
机器人总动员,WALL·E,https://movie.douban.com/subject/2131459/,安德鲁·斯坦顿 Andrew Stanton,本·贝尔特 Ben Burtt / 艾丽...,2008 ,美国,科幻 动画 冒险,9.3,1464542人评价
放牛班的春天,Les choristes,https://movie.douban.com/subject/1291549/,克里斯托夫·巴拉蒂 Christophe Barratier,让-巴蒂斯特·莫尼...,2004 ,法国 瑞士 德国,剧情 音乐,9.3,1451761人评价
无间道,無間道,https://movie.douban.com/subject/1307914/,刘伟强 / 麦兆辉,刘德华 Andy Lau / 梁朝伟 Tony Leung Chiu W...,2002 ,中国香港,剧情 犯罪 惊悚,9.3,1537911人评价
控方证人,Witness for the Prosecution,https://movie.douban.com/subject/1296141/,比利·怀尔德 Billy Wilder,泰隆·鲍华 Tyrone Power / 玛琳·...,1957 ,美国,剧情 犯罪 悬疑 惊悚,9.6,691352人评价
大话西游之大圣娶亲,西遊記大結局之仙履奇緣,https://movie.douban.com/subject/1292213/,刘镇伟 Jeffrey Lau,周星驰 Stephen Chow / 吴孟达 Man Tat Ng...,1995 ,中国香港 中国大陆,喜剧 爱情 奇幻 古装,9.2,1686140人评价
熔炉,도가니,https://movie.douban.com/subject/5912992/,黄东赫 Dong-hyuk Hwang,孔侑 Yoo Gong / 郑有美 Yu-mi Jung /...,2011 ,韩国,剧情,9.3,1023017人评价
寻梦环游记,Coco,https://movie.douban.com/subject/20495023/,李·昂克里奇 Lee Unkrich / 阿德里安·莫利纳 Adrian Molina,...,2017 ,美国,喜剧 动画 奇幻 音乐,9.1,1940925人评价
触不可及,Intouchables,https://movie.douban.com/subject/6786002/,奥利维·那卡什 Olivier Nakache / 艾力克·托兰达 Eric Toledano主...,...,2011 ,法国,剧情 喜剧,9.3,1272768人评价
教父,The Godfather,https://movie.douban.com/subject/1291841/,弗朗西斯·福特·科波拉 Francis Ford Coppola,马龙·白兰度 M...,1972 ,美国,剧情 犯罪,9.3,1087161人评价
当幸福来敲门,The Pursuit of Happyness,https://movie.douban.com/subject/1849031/,加布里尔·穆奇诺 Gabriele Muccino,威尔·史密斯 Will Smith ...,2006 ,美国,剧情 传记 家庭,9.1,1664675人评价
末代皇帝,The Last Emperor,https://movie.douban.com/subject/1293172/,贝纳尔多·贝托鲁奇 Bernardo Bertolucci,尊龙 John Lone / 陈...,1987 ,英国 意大利 中国大陆 法国,剧情 传记 历史,9.3,1011076人评价
哈利·波特与魔法石,Harry Potter and the Sorcerer's Stone,https://movie.douban.com/subject/1295038/,Chris Columbus,Daniel Radcliffe / Emma Watson / Rupert Grint,2001 ,美国 英国,奇幻 冒险,9.2,1394109人评价
龙猫,となりのトトロ,https://movie.douban.com/subject/1291560/,宫崎骏 Hayao Miyazaki,日高法子 Noriko Hidaka / 坂本千夏 Ch...,1988 ,日本,动画 奇幻 冒险,9.2,1392121人评价
活着,人生  /  Lifetimes,https://movie.douban.com/subject/1292365/,张艺谋 Yimou Zhang,葛优 You Ge / 巩俐 Li Gong / 姜武 Wu Jiang,1994 ,中国大陆 中国香港,剧情 历史 家庭,9.3,954358人评价
怦然心动,Flipped,https://movie.douban.com/subject/3319755/,罗伯·莱纳 Rob Reiner,玛德琳·卡罗尔 Madeline Carroll / 卡...,2010 ,美国,剧情 喜剧 爱情,9.1,2021870人评价
蝙蝠侠：黑暗骑士,The Dark Knight,https://movie.douban.com/subject/1851857/,克里斯托弗·诺兰 Christopher Nolan,克里斯蒂安·贝尔 Christ...,2008 ,美国 英国,剧情 动作 科幻 犯罪 惊悚,9.2,1176121人评价
指环王3：王者无敌,The Lord of the Rings: The Return of the King,https://movie.douban.com/subject/1291552/,彼得·杰克逊 Peter Jackson,伊利亚·伍德 Elijah Wood / 西恩...,2003 ,美国 新西兰,剧情 动作 奇幻 冒险,9.3,896012人评价
我不是药神,中国药神  /  印度药神,https://movie.douban.com/subject/26752088/,文牧野 Muye Wen,徐峥 Zheng Xu / 王传君 Chuanjun Wang / 周...,2018 ,中国大陆,剧情 喜剧,9.0,2320820人评价
乱世佳人,Gone with the Wind,https://movie.douban.com/subject/1300267/,维克多·弗莱明 Victor Fleming / 乔治·库克 George Cukor,费...,1939 ,美国,剧情 历史 爱情 战争,9.3,779880人评价
飞屋环游记,Up,https://movie.douban.com/subject/2129039/,彼特·道格特 Pete Docter / 鲍勃·彼德森 Bob Peterson,爱德...,2009 ,美国,剧情 喜剧 动画 冒险,9.1,1474779人评价
让子弹飞,让子弹飞一会儿  /  火烧云,https://movie.douban.com/subject/3742360/,姜文 Wen Jiang,姜文 Wen Jiang / 葛优 You Ge / 周润发 Yun-F...,2010 ,中国大陆 中国香港,剧情 喜剧 动作 西部,9.0,1893159人评价
哈尔的移动城堡,ハウルの動く城,https://movie.douban.com/subject/1308807/,宫崎骏 Hayao Miyazaki,倍赏千惠子 Chieko Baishô / 木村拓...,2004 ,日本,爱情 动画 奇幻 冒险,9.1,1265378人评价
十二怒汉,12 Angry Men,https://movie.douban.com/subject/1293182/,西德尼·吕美特 Sidney Lumet,亨利·方达 Henry Fonda / 马丁...,1957 ,美国,剧情,9.4,567108人评价
素媛,소원,https://movie.douban.com/subject/21937452/,李濬益 Jun-ik Lee,薛景求 Kyung-gu Sol / 严志媛 Ji-won Uhm ...,2013 ,韩国,剧情,9.3,765207人评价
海蒂和爷爷,Heidi,https://movie.douban.com/subject/25958717/,阿兰·葛斯彭纳 Alain Gsponer,阿努克·斯特芬 Anuk Steffen /...,2015 ,德国 瑞士,剧情 冒险 家庭,9.3,758529人评价
猫鼠游戏,Catch Me If You Can,https://movie.douban.com/subject/1305487/,史蒂文·斯皮尔伯格 Steven Spielberg,莱昂纳多·迪卡普里奥 L...,2002 ,美国 加拿大,传记 犯罪 剧情,9.1,1186416人评价
天空之城,天空の城ラピュタ,https://movie.douban.com/subject/1291583/,宫崎骏 Hayao Miyazaki,田中真弓 Mayumi Tanaka / 横泽启子 Ke...,1986 ,日本,动画 奇幻 冒险,9.2,994200人评价
鬼子来了,Devils on the Doorstep,https://movie.douban.com/subject/1291858/,姜文 Wen Jiang,姜文 Wen Jiang / 香川照之 Teruyuki Kagawa /...,2000 ,中国大陆,剧情 喜剧,9.3,704378人评价
摔跤吧！爸爸,Dangal,https://movie.douban.com/subject/26387939/,涅提·蒂瓦里 Nitesh Tiwari,阿米尔·汗 Aamir Khan / 法缇玛...,2016 ,印度,剧情 传记 运动 家庭,9.0,1721906人评价
少年派的奇幻漂流,Life of Pi,https://movie.douban.com/subject/1929463/,李安 Ang Lee,苏拉·沙玛 Suraj Sharma / 伊尔凡·可汗 Irrfan...,2012 ,美国 中国台湾 英国 加拿大,剧情 奇幻 冒险,9.1,1471887人评价
钢琴家,The Pianist,https://movie.douban.com/subject/1296736/,罗曼·波兰斯基 Roman Polanski,艾德里安·布洛迪 Adrien Brod...,2002 ,英国 法国 波兰 德国 美国,剧情 传记 战争 音乐,9.3,737131人评价
指环王2：双塔奇兵,The Lord of the Rings: The Two Towers,https://movie.douban.com/subject/1291572/,彼得·杰克逊 Peter Jackson,伊利亚·伍德 Elijah Wood / 西恩...,2002 ,美国 新西兰,剧情 动作 奇幻 冒险,9.2,843446人评价
死亡诗社,Dead Poets Society,https://movie.douban.com/subject/1291548/,彼得·威尔 Peter Weir,罗宾·威廉姆斯 Robin Williams / 罗伯...,1989 ,美国,剧情,9.2,861089人评价
大话西游之月光宝盒,西遊記第壹佰零壹回之月光寶盒,https://movie.douban.com/subject/1299398/,刘镇伟 Jeffrey Lau,周星驰 Stephen Chow / 吴孟达 Man Tat Ng...,1995 ,中国香港 中国大陆,喜剧 爱情 奇幻 古装,9.0,1345993人评价
何以为家,كفرناحوم,https://movie.douban.com/subject/30170448/,娜丁·拉巴基 Nadine Labaki,扎因·拉费阿 Zain al-Rafeea / ...,2018 ,黎巴嫩 美国 法国 塞浦路斯 卡塔尔 英国,剧情,9.1,1149494人评价
闻香识女人,Scent of a Woman,https://movie.douban.com/subject/1298624/,马丁·布莱斯 Martin Brest,阿尔·帕西诺 Al Pacino / 克里斯...,1992 ,美国,剧情,9.1,1006679人评价
绿皮书,Green Book,https://movie.douban.com/subject/27060077/,彼得·法雷里 Peter Farrelly,维果·莫腾森 Viggo Mortensen /...,2018 ,美国 中国大陆,剧情 喜剧 传记 音乐,8.9,1862073人评价
大闹天宫,大闹天宫 上下集  /  The Monkey King,https://movie.douban.com/subject/1418019/,万籁鸣 Laiming Wan,邱岳峰 Yuefeng Qiu / 富润生 Runsheng Fu...,1961(中国大陆) ,1978(中国大陆),1978(中国大陆),9.4,500776人评价
黑客帝国,The Matrix,https://movie.douban.com/subject/1291843/,安迪·沃卓斯基 Andy Wachowski / 拉娜·沃卓斯基 Lana Wachowski主...,邱岳峰 Yuefeng Qiu / 富润生 Runsheng Fu...,1999 ,美国,动作 科幻,9.1,934928人评价
指环王1：护戒使者,The Lord of the Rings: The Fellowship of the Ring,https://movie.douban.com/subject/1291571/,彼得·杰克逊 Peter Jackson,伊利亚·伍德 Elijah Wood / 西恩...,2001 ,新西兰 美国,剧情 动作 奇幻 冒险,9.1,944887人评价
罗马假日,Roman Holiday,https://movie.douban.com/subject/1293839/,威廉·惠勒 William Wyler,奥黛丽·赫本 Audrey Hepburn / 格...,1953 ,美国,喜剧 剧情 爱情,9.1,1035232人评价
教父2,The Godfather: Part II,https://movie.douban.com/subject/1299131/,弗朗西斯·福特·科波拉 Francis Ford Coppola,阿尔·帕西诺 A...,1974 ,美国,剧情 犯罪,9.3,627701人评价
狮子王,The Lion King,https://movie.douban.com/subject/1301753/,Roger Allers / 罗伯·明可夫 Rob Minkoff,乔纳森·泰勒·托马...,1994 ,美国,动画 冒险 歌舞,9.1,945739人评价
天堂电影院,Nuovo Cinema Paradiso,https://movie.douban.com/subject/1291828/,朱塞佩·托纳多雷 Giuseppe Tornatore,菲利普·努瓦雷 Philipp...,1988 ,意大利 法国,剧情 爱情,9.2,732540人评价
饮食男女,飲食男女,https://movie.douban.com/subject/1291818/,李安 Ang Lee,郎雄 Sihung Lung / 杨贵媚 Kuei-Mei Yang / 吴...,1994 ,中国台湾 美国,剧情 家庭,9.2,711005人评价
辩护人,변호인,https://movie.douban.com/subject/21937445/,杨宇硕 Woo-seok Yang,宋康昊 Kang-ho Song / 金英爱 Yeong-ae...,2013 ,韩国,剧情,9.2,650596人评价
本杰明·巴顿奇事,The Curious Case of Benjamin Button,https://movie.douban.com/subject/1485260/,大卫·芬奇 David Fincher,布拉德·皮特 Brad Pitt / 凯特·布...,2008 ,美国,剧情 爱情 奇幻,9.0,1090217人评价
搏击俱乐部,Fight Club,https://movie.douban.com/subject/1292000/,大卫·芬奇 David Fincher,爱德华·诺顿 Edward Norton / 布拉...,1999 ,美国,剧情 动作 悬疑 惊悚,9.0,956448人评价
美丽心灵,A Beautiful Mind,https://movie.douban.com/subject/1306029/,朗·霍华德 Ron Howard,罗素·克劳 Russell Crowe / 艾德·哈...,2001 ,美国,传记 剧情,9.1,844146人评价
穿条纹睡衣的男孩,The Boy in the Striped Pajamas,https://movie.douban.com/subject/3008247/,马克·赫尔曼 Mark Herman,阿萨·巴特菲尔德 Asa Butterfield ...,2008 ,英国 美国,剧情 战争,9.2,632985人评价
情书,Love Letter,https://movie.douban.com/subject/1292220/,岩井俊二 Shunji Iwai,中山美穗 Miho Nakayama / 丰川悦司 Ets...,1995 ,日本,剧情 爱情,8.9,1302366人评价
哈利·波特与死亡圣器(下),Harry Potter and the Deathly Hallows: Part 2,https://movie.douban.com/subject/3011235/,大卫·叶茨 David Yates,丹尼尔·雷德克里夫 Daniel Radcliffe...,2011 ,美国 英国,奇幻 冒险,9.0,955164人评价
两杆大烟枪,"Lock, Stock and Two Smoking Barrels",https://movie.douban.com/subject/1293350/,盖·里奇 Guy Ritchie,杰森·弗莱明 Jason Flemyng / 德克斯特...,1998 ,英国,剧情 喜剧 犯罪,9.1,666634人评价
窃听风暴,Das Leben der Anderen,https://movie.douban.com/subject/1900841/,弗洛里安·亨克尔·冯·多纳斯马尔克 Florian Henckel von Donnersmarck&n...,杰森·弗莱明 Jason Flemyng / 德克斯特...,2006 ,德国,剧情 悬疑,9.2,624352人评价
音乐之声,The Sound of Music,https://movie.douban.com/subject/1294408/,罗伯特·怀斯 Robert Wise,朱莉·安德鲁斯 Julie Andrews / 克...,1965 ,美国,剧情 传记 爱情 歌舞,9.1,674304人评价
功夫,功夫3D  /  Kung Fu Hustle,https://movie.douban.com/subject/1291543/,周星驰 Stephen Chow,周星驰 Stephen Chow / 元秋 Qiu Yuen / ...,2004 ,中国大陆 中国香港,动作 喜剧 犯罪 奇幻,8.9,1312001人评价
西西里的美丽传说,Malèna,https://movie.douban.com/subject/1292402/,朱塞佩·托纳多雷 Giuseppe Tornatore,莫妮卡·贝鲁奇 Monica ...,2000 ,意大利 美国,剧情 战争 情色,8.9,1080613人评价
哈利·波特与阿兹卡班的囚徒,Harry Potter and the Prisoner of Azkaban,https://movie.douban.com/subject/1291544/,阿方索·卡隆 Alfonso Cuarón,丹尼尔·雷德克里夫 Daniel Rad...,2004 ,英国 美国,奇幻 冒险,9.0,874582人评价
阿凡达,Avatar,https://movie.douban.com/subject/1652587/,詹姆斯·卡梅隆 James Cameron,萨姆·沃辛顿 Sam Worthington ...,2009 ,美国,动作 科幻 冒险,8.8,1553442人评价
看不见的客人,Contratiempo,https://movie.douban.com/subject/26580232/,奥里奥尔·保罗 Oriol Paulo,马里奥·卡萨斯 Mario Casas / 阿...,2016 ,西班牙,剧情 犯罪 悬疑 惊悚,8.8,1420604人评价
拯救大兵瑞恩,Saving Private Ryan,https://movie.douban.com/subject/1292849/,史蒂文·斯皮尔伯格 Steven Spielberg,汤姆·汉克斯 Tom Hanks...,1998 ,美国,剧情 战争,9.1,715465人评价
沉默的羔羊,The Silence of the Lambs,https://movie.douban.com/subject/1293544/,乔纳森·戴米 Jonathan Demme,朱迪·福斯特 Jodie Foster / 安...,1991 ,美国,剧情 犯罪 惊悚,8.9,1000710人评价
小鞋子,بچه های آسمان,https://movie.douban.com/subject/1303021/,马基德·马基迪 Majid Majidi,默罕默德·阿米尔·纳吉 Mohamma...,1997 ,伊朗,剧情 儿童 家庭,9.2,456851人评价
飞越疯人院,One Flew Over the Cuckoo's Nest,https://movie.douban.com/subject/1292224/,米洛斯·福尔曼 Miloš Forman,杰克·尼科尔森 Jack Nichols...,1975 ,美国,剧情,9.1,596451人评价
布达佩斯大饭店,The Grand Budapest Hotel,https://movie.douban.com/subject/11525673/,韦斯·安德森 Wes Anderson,拉尔夫·费因斯 Ralph Fiennes / ...,2014 ,美国 德国 英国,剧情 喜剧 冒险,8.9,1068177人评价
蝴蝶效应,The Butterfly Effect,https://movie.douban.com/subject/1292343/,埃里克·布雷斯 Eric Bress / J·麦基·格鲁伯 J. Mackye Gruber主...,拉尔夫·费因斯 Ralph Fiennes / ...,2004 ,美国 加拿大,剧情 悬疑 科幻 惊悚,8.9,1052701人评价
禁闭岛,Shutter Island,https://movie.douban.com/subject/2334904/,Martin Scorsese,莱昂纳多·迪卡普里奥 Leonardo DiCaprio / ...,2010 ,美国,剧情 悬疑 惊悚,8.9,1097145人评价
心灵捕手,Good Will Hunting,https://movie.douban.com/subject/1292656/,格斯·范·桑特 Gus Van Sant,马特·达蒙 Matt Damon / 罗宾·...,1997 ,美国,剧情,9.0,804131人评价
致命魔术,The Prestige,https://movie.douban.com/subject/1780330/,克里斯托弗·诺兰 Christopher Nolan,休·杰克曼 Hugh Jackman...,2006 ,英国 美国,剧情 悬疑 惊悚,8.9,951958人评价
低俗小说,Pulp Fiction,https://movie.douban.com/subject/1291832/,昆汀·塔伦蒂诺 Quentin Tarantino,约翰·特拉沃尔塔 John Tra...,1994 ,美国,剧情 喜剧 犯罪,8.9,944398人评价
超脱,Detachment,https://movie.douban.com/subject/5322596/,托尼·凯耶 Tony Kaye,艾德里安·布洛迪 Adrien Brody / 马西...,2011 ,美国,剧情,9.0,710803人评价
还有明天,C'è ancora domani,https://movie.douban.com/subject/36445098/,宝拉·柯特莱西 Paola Cortellesi,宝拉·柯特莱西 Paola Corte...,2023 ,意大利,剧情 喜剧 历史,9.3,339113人评价
哈利·波特与密室,Harry Potter and the Chamber of Secrets,https://movie.douban.com/subject/1296996/,Chris Columbus,丹尼尔·雷德克里夫 Daniel Radcliffe / 艾玛...,2002 ,英国 美国,奇幻 冒险,8.9,900027人评价
喜剧之王,喜劇之王,https://movie.douban.com/subject/1302425/,周星驰 Stephen Chow / 李力持 Lik-Chi Lee,周星驰 Stephen Ch...,1999 ,中国香港,喜剧 剧情 爱情,8.8,1079860人评价
摩登时代,Modern Times,https://movie.douban.com/subject/1294371/,查理·卓别林 Charles Chaplin,查理·卓别林 Charles Chaplin ...,1936 ,美国,剧情 喜剧 爱情,9.3,341246人评价
一一,Yi yi  /  Yi yi: A One and a Two,https://movie.douban.com/subject/1292434/,杨德昌 Edward Yang,吴念真 / 李凯莉 Kelly Lee / 金燕玲 Elai...,2000 ,中国台湾 日本,剧情 爱情 家庭,9.1,491928人评价
杀人回忆,살인의 추억,https://movie.douban.com/subject/1300299/,奉俊昊 Joon-ho Bong,宋康昊 Kang-ho Song / 金相庆 Sang-kyun...,2003 ,韩国,剧情 动作 犯罪 悬疑 惊悚,8.9,823337人评价
致命ID,Identity,https://movie.douban.com/subject/1297192/,詹姆斯·曼高德 James Mangold,约翰·库萨克 John Cusack / 雷...,2003 ,美国,剧情 悬疑 惊悚,8.9,933352人评价
春光乍泄,春光乍洩,https://movie.douban.com/subject/1292679/,王家卫 Kar Wai Wong,张国荣 Leslie Cheung / 梁朝伟 Tony Leu...,1997 ,中国香港 日本 韩国,剧情 爱情 同性,9.0,701891人评价
海豚湾,The Cove,https://movie.douban.com/subject/3442220/,路易·西霍尤斯 Louie Psihoyos,路易·西霍尤斯 Louie Psihoyo...,2009 ,美国,纪录片,9.3,379466人评价
加勒比海盗,Pirates of the Caribbean: The Curse of the Black Pearl,https://movie.douban.com/subject/1298070/,戈尔·维宾斯基 Gore Verbinski,约翰尼·德普 Johnny Depp / ...,2003 ,美国,动作 冒险 奇幻,8.8,955494人评价
美国往事,Once Upon a Time in America,https://movie.douban.com/subject/1292262/,赛尔乔·莱翁内 Sergio Leone,罗伯特·德尼罗 Robert De Niro ...,1984 ,美国 意大利,犯罪 剧情,9.1,464757人评价
红辣椒,パプリカ,https://movie.douban.com/subject/1865703/,今敏 Satoshi Kon,林原惠美 Megumi Hayashibara / 江守彻 Toru...,2006 ,日本,动画 悬疑 科幻 惊悚,9.0,558311人评价
七宗罪,Se7en,https://movie.douban.com/subject/1292223/,大卫·芬奇 David Fincher,摩根·弗里曼 Morgan Freeman / 布...,1995 ,美国,剧情 犯罪 悬疑 惊悚,8.8,1047663人评价
唐伯虎点秋香,唐伯虎點秋香,https://movie.douban.com/subject/1306249/,李力持 Lik-Chi Lee,周星驰 Stephen Chow / 巩俐 Li Gong / 陈...,1993 ,中国香港,喜剧 爱情 古装,8.8,1208214人评价
狩猎,Jagten,https://movie.douban.com/subject/6985810/,托马斯·温特伯格 Thomas Vinterberg,麦斯·米科尔森 Mads Mik...,2012 ,丹麦 瑞典,剧情,9.1,461279人评价
幽灵公主,もののけ姫,https://movie.douban.com/subject/1297359/,宫崎骏 Hayao Miyazaki,松田洋治 Yôji Matsuda / 石田百合...,1997 ,日本,动画 奇幻 冒险,8.9,659462人评价
甜蜜蜜,Comrades: Almost a Love Story,https://movie.douban.com/subject/1305164/,陈可辛 Peter Chan,黎明 Leon Lai / 张曼玉 Maggie Cheung / ...,1996 ,中国香港,剧情 爱情,8.9,661107人评价
寄生虫,기생충,https://movie.douban.com/subject/27010768/,奉俊昊 Joon-ho Bong,宋康昊 Kang-ho Song / 李善均 Seon-gyun...,2019 ,韩国,剧情,8.8,1528508人评价
蝙蝠侠：黑暗骑士崛起,The Dark Knight Rises,https://movie.douban.com/subject/3395373/,克里斯托弗·诺兰 Christopher Nolan,克里斯蒂安·贝尔 Christ...,2012 ,美国 英国,剧情 动作 科幻 犯罪 惊悚,8.9,803933人评价
天书奇谭,天书奇谭4K纪念版  /  The Legend of Sealed Book,https://movie.douban.com/subject/1428581/,王树忱 Shuchen Wang / 钱运达 Yunda Qian,丁建华 Jianhua Din...,1983(中国大陆) ,中国大陆,中国大陆,9.2,327303人评价
7号房的礼物,7번방의 선물,https://movie.douban.com/subject/10777687/,李焕庆 Hwan-kyeong Lee,柳承龙 Seung-yong Ryoo / 朴信惠 Shi...,2013 ,韩国,剧情 喜剧 家庭,8.9,615246人评价
超能陆战队,Big Hero 6,https://movie.douban.com/subject/11026735/,唐·霍尔 Don Hall / 克里斯·威廉姆斯 Chris Williams,斯科特...,2014 ,美国,喜剧 动作 科幻 动画 冒险,8.8,1130134人评价
爱在黎明破晓前,Before Sunrise,https://movie.douban.com/subject/1296339/,理查德·林克莱特 Richard Linklater,伊桑·霍克 Ethan Hawke ...,1995 ,美国 奥地利 瑞士,剧情 爱情,8.8,787109人评价
第六感,The Sixth Sense,https://movie.douban.com/subject/1297630/,M·奈特·沙马兰 M. Night Shyamalan,布鲁斯·威利斯 Bruce Wi...,1999 ,美国,剧情 悬疑 惊悚,8.9,628250人评价
爱在日落黄昏时,Before Sunset,https://movie.douban.com/subject/1291990/,理查德·林克莱特 Richard Linklater,伊桑·霍克 Ethan Hawke ...,2004 ,美国 法国,剧情 爱情,8.9,643444人评价
被嫌弃的松子的一生,嫌われ松子の一生,https://movie.douban.com/subject/1787291/,中岛哲也 Tetsuya Nakashima,中谷美纪 Miki Nakatani / 瑛太 E...,2006 ,日本,剧情 歌舞,8.8,766986人评价
茶馆,The Teahouse,https://movie.douban.com/subject/1461403/,谢添 Tian Xie,于是之 Shizhi Yu / 郑榕 Rong Zhen / 蓝天野 T...,1982(中国大陆) ,中国大陆,剧情 历史,9.6,201738人评价
重庆森林,重慶森林,https://movie.douban.com/subject/1291999/,王家卫 Kar Wai Wong,林青霞 Brigitte Lin / 金城武 Takeshi K...,1994 ,中国香港,剧情 爱情,8.8,912166人评价
未麻的部屋,Perfect Blue,https://movie.douban.com/subject/1395091/,今敏 Satoshi Kon,岩男润子 Junko Iwao / 松本梨香 Rica Matsu...,1997 ,日本,剧情 犯罪 动画 悬疑 惊悚,9.1,416866人评价
哈利·波特与火焰杯,Harry Potter and the Goblet of Fire,https://movie.douban.com/subject/1309055/,迈克·内威尔 Mike Newell,丹尼尔·雷德克里夫 Daniel Radclif...,2005 ,英国 美国,悬疑 奇幻 冒险,8.8,787721人评价
入殓师,おくりびと,https://movie.douban.com/subject/2149806/,泷田洋二郎 Yôjirô Takita,本木雅弘 Masahiro Motoki / ...,2008 ,日本,剧情,8.9,737057人评价
头脑特工队,Inside Out,https://movie.douban.com/subject/10533913/,彼特·道格特 Pete Docter / 罗纳尔多·德尔·卡门 Ronaldo Del Carmen&nb...,本木雅弘 Masahiro Motoki / ...,2015 ,美国,喜剧 动画 冒险,8.8,788280人评价
借东西的小人阿莉埃蒂,借りぐらしのアリエッティ,https://movie.douban.com/subject/4202302/,米林宏昌 Hiromasa Yonebayashi,志田未来 Mirai Shida / 神木...,2010 ,日本,动画 奇幻 冒险,8.9,620072人评价
菊次郎的夏天,菊次郎の夏,https://movie.douban.com/subject/1293359/,北野武 Takeshi Kitano,北野武 Takeshi Kitano / 关口雄介 Yus...,1999 ,日本,剧情 喜剧,8.9,666586人评价
剪刀手爱德华,Edward Scissorhands,https://movie.douban.com/subject/1292370/,蒂姆·波顿 Tim Burton,约翰尼·德普 Johnny Depp / 薇诺娜·...,1990 ,美国,剧情 爱情 奇幻,8.7,1111603人评价
断背山,Brokeback Mountain,https://movie.douban.com/subject/1418834/,李安 Ang Lee,希斯·莱杰 Heath Ledger / 杰克·吉伦哈尔 Jake...,2005 ,美国 加拿大,剧情 爱情 同性 家庭,8.8,773226人评价
勇敢的心,Braveheart,https://movie.douban.com/subject/1294639/,梅尔·吉布森 Mel Gibson,梅尔·吉布森 Mel Gibson / 苏菲·玛...,1995 ,美国,动作 传记 剧情 历史 战争,8.9,600720人评价
时空恋旅人,About Time,https://movie.douban.com/subject/10577869/,理查德·柯蒂斯 Richard Curtis,多姆纳尔·格里森 Domhnall Gl...,2013 ,英国 美国,喜剧 爱情 奇幻,8.8,779281人评价
消失的爱人,Gone Girl,https://movie.douban.com/subject/21318488/,大卫·芬奇 David Fincher,本·阿弗莱克 Ben Affleck / 罗莎蒙...,2014 ,美国,剧情 犯罪 悬疑 惊悚,8.7,1061012人评价
倩女幽魂,倩女幽魂(87版)  /  倩女幽魂：妖魔道,https://movie.douban.com/subject/1297447/,程小东 Siu-Tung Ching,张国荣 Leslie Cheung / 王祖贤 Joey W...,1987 ,中国香港,爱情 奇幻 武侠 古装,8.8,827436人评价
无人知晓,誰も知らない,https://movie.douban.com/subject/1292337/,是枝裕和 Hirokazu Koreeda,柳乐优弥 Yûya Yagira / 北浦爱...,2004 ,日本,剧情,9.1,367660人评价
驯龙高手,How to Train Your Dragon,https://movie.douban.com/subject/2353023/,迪恩·德布洛斯 Dean DeBlois / 克里斯·桑德斯 Chris Sanders主演:...,柳乐优弥 Yûya Yagira / 北浦爱...,2010 ,美国,动画 奇幻 冒险,8.8,852498人评价
花样年华,花樣年華,https://movie.douban.com/subject/1291557/,王家卫 Kar Wai Wong,张曼玉 Maggie Cheung / 梁朝伟 Tony Leu...,2000 ,中国香港,剧情 爱情,8.8,791446人评价
傲慢与偏见,Pride & Prejudice,https://movie.douban.com/subject/1418200/,乔·怀特 Joe Wright,凯拉·奈特莉 Keira Knightley / 马修·...,2005 ,法国 英国 美国,剧情 爱情,8.7,916252人评价
新世界,신세계,https://movie.douban.com/subject/10437779/,朴勋政 Hoon-jung Park,李政宰 Jung-Jae Lee / 崔岷植 Min-sik...,2013 ,韩国,剧情 犯罪,8.9,518378人评价
完美的世界,A Perfect World,https://movie.douban.com/subject/1300992/,克林特·伊斯特伍德 Clint Eastwood,凯文·科斯特纳 Kevin Cos...,1993 ,美国,剧情 犯罪,9.1,356311人评价
阳光灿烂的日子,In the Heat of the Sun,https://movie.douban.com/subject/1291875/,姜文 Wen Jiang,夏雨 Yu Xia / 宁静 Jing Ning / 陶虹 Hong Tao,1994 ,中国大陆 中国香港,剧情 爱情,8.8,687517人评价
一个叫欧维的男人决定去死,En man som heter Ove,https://movie.douban.com/subject/26628357/,汉内斯·赫尔姆 Hannes Holm,罗夫·拉斯加德 Rolf Lassgård...,2015 ,瑞典,剧情,8.9,559726人评价
小森林 夏秋篇,リトル・フォレスト 夏・秋,https://movie.douban.com/subject/25814705/,森淳一 Junichi Mori,桥本爱 Ai Hashimoto / 三浦贵大 Takahir...,2014 ,日本,剧情,9.0,468736人评价
天使爱美丽,Le Fabuleux destin d'Amélie Poulain,https://movie.douban.com/subject/1292215/,让-皮埃尔·热内 Jean-Pierre Jeunet,奥黛丽·塔图 Audrey Tau...,2001 ,法国 德国,剧情 喜剧 爱情,8.7,1014072人评价
玩具总动员3,Toy Story 3,https://movie.douban.com/subject/1858711/,李·昂克里奇 Lee Unkrich,汤姆·汉克斯 Tom Hanks / 蒂姆·艾...,2010 ,美国,喜剧 动画 奇幻 冒险,8.9,583628人评价
怪兽电力公司,"Monsters, Inc.",https://movie.douban.com/subject/1291579/,彼特·道格特 Pete Docter / 大卫·斯沃曼 David Silverman,约...,2001 ,美国,儿童 喜剧 动画 奇幻 冒险,8.8,759956人评价
色，戒,色|戒  /  色·戒,https://movie.douban.com/subject/1828115/,李安 Ang Lee,梁朝伟 Tony Leung Chiu Wai / 汤唯 Wei Tang / ...,2007 ,中国台湾 中国大陆 美国 中国香港,剧情 爱情 情色,8.7,946737人评价
侧耳倾听,耳をすませば,https://movie.douban.com/subject/1297052/,近藤喜文 Yoshifumi Kondo,本名阳子 Youko Honna / 小林桂树 K...,1995 ,日本,剧情 爱情 动画,8.9,515202人评价
教父3,The Godfather: Part III,https://movie.douban.com/subject/1294240/,弗朗西斯·福特·科波拉 Francis Ford Coppola,阿尔·帕西诺 A...,1990 ,美国,剧情 犯罪,9.0,425796人评价
请以你的名字呼唤我,Call Me by Your Name,https://movie.douban.com/subject/26799731/,卢卡·瓜达尼诺 Luca Guadagnino,艾米·汉莫 Armie Hammer / ...,2017 ,意大利 法国 巴西 美国,剧情 爱情 同性,8.8,813844人评价
哪吒闹海,Prince Nezha's Triumph Against Dragon King  /  Nezha Conquers the Dragon King,https://movie.douban.com/subject/1307315/,王树忱 Shuchen Wang / 严定宪 Dingxian Yan,梁正晖 Zhenghui ...,1979 ,中国大陆,冒险 动画 奇幻,9.2,304143人评价
幸福终点站,The Terminal,https://movie.douban.com/subject/1292274/,史蒂文·斯皮尔伯格 Steven Spielberg,汤姆·汉克斯 Tom Hanks...,2004 ,美国,喜剧 剧情 爱情,8.8,634067人评价
九品芝麻官,九品芝麻官之白面包青天  /  Hail the Judge,https://movie.douban.com/subject/1297518/,王晶 Jing Wong,周星驰 Stephen Chow / 吴孟达 Man Tat Ng / ...,1994 ,中国香港,剧情 喜剧 古装,8.8,782695人评价
被解救的姜戈,Django Unchained,https://movie.douban.com/subject/6307447/,昆汀·塔伦蒂诺 Quentin Tarantino,杰米·福克斯 Jamie Foxx /...,2012 ,美国,剧情 动作 西部 冒险,8.8,682933人评价
釜山行,부산행,https://movie.douban.com/subject/25986180/,延尚昊 Sang-ho Yeon,孔刘 Yoo Gong / 郑有美 Yu-mi Jung / 马...,2016 ,韩国,动作 惊悚 灾难,8.6,1335365人评价
小森林 冬春篇,リトル・フォレスト 冬・春,https://movie.douban.com/subject/25814707/,森淳一 Junichi Mori,桥本爱 Ai Hashimoto / 三浦贵大 Takahir...,2015 ,日本,剧情,9.0,416213人评价
神偷奶爸,Despicable Me,https://movie.douban.com/subject/3287562/,皮艾尔·柯芬 Pierre Coffin / 克里斯·雷纳德 Chris Renaud,...,2010 ,美国 法国,喜剧 动画 冒险,8.7,1036527人评价
萤火之森,蛍火の杜へ,https://movie.douban.com/subject/5989818/,大森贵弘 Takahiro Omori,佐仓绫音 Ayane Sakura / 内山昂辉 K...,2011 ,日本,剧情 爱情 动画 奇幻,8.8,602962人评价
喜宴,囍宴,https://movie.douban.com/subject/1303037/,李安 Ang Lee,赵文瑄 Winston Chao / 归亚蕾 Ya-lei Kuei / 郎...,1993 ,中国台湾 美国,剧情 喜剧 爱情 同性 家庭,9.0,424172人评价
告白,自白  /  母亲,https://movie.douban.com/subject/4268598/,中岛哲也 Tetsuya Nakashima,松隆子 Takako Matsu / 冈田将生 ...,2010 ,日本,剧情 悬疑,8.8,736091人评价
玛丽和麦克斯,Mary and Max,https://movie.douban.com/subject/3072124/,亚当·艾略特 Adam Elliot,托妮·科莱特 Toni Collette / 菲利...,2009 ,澳大利亚 美国,剧情 喜剧 动画,9.0,465202人评价
七武士,七人の侍,https://movie.douban.com/subject/1295399/,黑泽明 Akira Kurosawa,三船敏郎 Toshirô Mifune / 志村乔 ...,1954 ,日本,动作 冒险 剧情,9.3,231564人评价
头号玩家,Ready Player One,https://movie.douban.com/subject/4920389/,史蒂文·斯皮尔伯格 Steven Spielberg,泰伊·谢里丹 Tye Sheri...,2018 ,美国,动作 科幻 冒险,8.6,1500552人评价
模仿游戏,The Imitation Game,https://movie.douban.com/subject/10463953/,莫滕·泰杜姆 Morten Tyldum,本尼迪克特·康伯巴奇 Benedict C...,2014 ,英国 美国,剧情 传记 战争 同性,8.8,713826人评价
大鱼,Big Fish,https://movie.douban.com/subject/1291545/,蒂姆·波顿 Tim Burton,伊万·麦克格雷格 Ewan McGregor / 阿...,2003 ,美国,剧情 爱情 奇幻 冒险,8.8,621033人评价
惊魂记,Psycho,https://movie.douban.com/subject/1293181/,阿尔弗雷德·希区柯克 Alfred Hitchcock,安东尼·博金斯 Antho...,1960 ,美国,悬疑 惊悚 恐怖,9.0,350015人评价
射雕英雄传之东成西就,射鵰英雄傳之東成西就,https://movie.douban.com/subject/1316510/,刘镇伟 Jeffrey Lau,梁朝伟 Tony Leung Chiu Wai / 林青霞 Bri...,1993 ,中国香港,喜剧 奇幻 武侠 古装,8.7,710922人评价
血战钢锯岭,Hacksaw Ridge,https://movie.douban.com/subject/26325320/,梅尔·吉布森 Mel Gibson,安德鲁·加菲尔德 Andrew Garfield /...,2016 ,澳大利亚 美国,剧情 传记 历史 战争,8.7,852039人评价
你的名字。,君の名は。,https://movie.douban.com/subject/26683290/,新海诚 Makoto Shinkai,神木隆之介 Ryûnosuke Kamiki / 上...,2016 ,日本,剧情 爱情 动画,8.5,1576050人评价
我是山姆,I Am Sam,https://movie.douban.com/subject/1306861/,杰茜·尼尔森 Jessie Nelson,Sean Penn / Dakota Fanning / Mi...,2001 ,美国,剧情 家庭,9.0,372313人评价
背靠背，脸对脸,"背对背，脸对脸  /  Back to Back, Face to Face",https://movie.douban.com/subject/1307856/,黄建新 Jianxin Huang / 杨亚洲 Yazhou Yang,牛振华 Zhenhua N...,1994 ,中国大陆 中国香港,剧情,9.5,175203人评价
阳光姐妹淘,써니,https://movie.douban.com/subject/4917726/,姜炯哲 Hyeong-Cheol Kang,沈恩京 Eun-kyung Shim / 闵孝琳 Hy...,2011 ,韩国,剧情 喜剧,8.8,633182人评价
心灵奇旅,Soul,https://movie.douban.com/subject/24733428/,彼特·道格特 Pete Docter / 凯普·鲍尔斯 Kemp Powers,杰米·...,2020 ,美国,动画 奇幻 音乐,8.7,1124508人评价
恐怖直播,더 테러 라이브,https://movie.douban.com/subject/21360417/,金秉祐 Byeong-woo Kim,河正宇 Jung-woo Ha / 李璟荣 Kyeong-y...,2013 ,韩国,剧情 犯罪 悬疑,8.7,721260人评价
黑客帝国3：矩阵革命,The Matrix Revolutions,https://movie.douban.com/subject/1302467/,拉娜·沃卓斯基 Lana Wachowski / 莉莉·沃卓斯基 Lilly Wachowski...,河正宇 Jung-woo Ha / 李璟荣 Kyeong-y...,2003 ,美国,动作 科幻,8.8,492325人评价
电锯惊魂,Saw,https://movie.douban.com/subject/1417598/,詹姆斯·温 James Wan,雷·沃纳尔 Leigh Whannell / 加利·艾...,2004 ,美国,悬疑 惊悚 恐怖,8.7,605121人评价
三块广告牌,"Three Billboards Outside Ebbing, Missouri",https://movie.douban.com/subject/26611804/,马丁·麦克唐纳 Martin McDonagh,弗兰西斯·麦克多蒙德 France...,2017 ,英国 美国,剧情 犯罪,8.7,910956人评价
小丑,Joker,https://movie.douban.com/subject/27119724/,托德·菲利普斯 Todd Phillips,杰昆·菲尼克斯 Joaquin Phoeni...,2019 ,美国 加拿大,剧情 犯罪 惊悚,8.7,1116050人评价
谍影重重3,The Bourne Ultimatum,https://movie.douban.com/subject/1578507/,保罗·格林格拉斯 Paul Greengrass,马特·达蒙 Matt Damon / ...,2007 ,美国 德国 法国 英国,动作 悬疑 惊悚,8.9,465372人评价
达拉斯买家俱乐部,Dallas Buyers Club,https://movie.douban.com/subject/1793929/,让-马克·瓦雷 Jean-Marc Vallée,马修·麦康纳 Matthew McCon...,2013 ,美国,剧情 传记 同性,8.8,500991人评价
无间道2,無間道II,https://movie.douban.com/subject/1307106/,刘伟强 Andrew Lau / 麦兆辉 Alan Mak,陈冠希 Edison Chen / ...,2003 ,中国香港,剧情 犯罪 惊悚,8.8,559022人评价
疯狂原始人,The Croods,https://movie.douban.com/subject/1907966/,科克·德·米科 Kirk De Micco / 克里斯·桑德斯 Chris Sanders主演...,陈冠希 Edison Chen / ...,2013 ,美国,喜剧 动画 冒险,8.7,912489人评价
末路狂花,Thelma & Louise,https://movie.douban.com/subject/1291992/,雷德利·斯科特 Ridley Scott,吉娜·戴维斯 Geena Davis / 苏...,1991 ,美国 英国 法国,犯罪 剧情 惊悚,9.0,337416人评价
绿里奇迹,The Green Mile,https://movie.douban.com/subject/1300374/,弗兰克·德拉邦特 Frank Darabont,汤姆·汉克斯 Tom Hanks / ...,1999 ,美国,犯罪 剧情 奇幻 悬疑,8.9,383311人评价
高山下的花环,卫国军魂(港)  /  Wreaths at the Foot of the Mountain,https://movie.douban.com/subject/1422283/,谢晋 Jin Xie,吕晓禾 Xiaohe Lü / 唐国强 Guoqiang Tang / 何...,1984(中国大陆) ,中国大陆,中国大陆,9.5,152227人评价
爱在午夜降临前,Before Midnight,https://movie.douban.com/subject/10808442/,理查德·林克莱特 Richard Linklater,伊桑·霍克 Ethan Hawke ...,2013 ,美国 希腊,剧情 爱情,8.9,466284人评价
海街日记,海街diary,https://movie.douban.com/subject/25895901/,是枝裕和 Hirokazu Koreeda,绫濑遥 Haruka Ayase / 长泽雅美 M...,2015 ,日本,剧情 家庭,8.8,514597人评价
疯狂的石头,Crazy Stone,https://movie.douban.com/subject/1862151/,宁浩 Hao Ning,郭涛 Tao Guo / 刘桦 Hua Liu / 连晋 Teddy Lin,2006 ,中国大陆 中国香港,喜剧 犯罪,8.6,915888人评价
风之谷,風の谷のナウシカ,https://movie.douban.com/subject/1291585/,宫崎骏 Hayao Miyazaki,岛本须美 Sumi Shimamoto / 松田洋治 Y...,1984 ,日本,动画 奇幻 冒险,8.9,390400人评价
上帝之城,Cidade de Deus,https://movie.douban.com/subject/1292208/,费尔南多·梅里尔斯 Fernando Meirelles / 卡迪亚·兰德 Kátia Lund&nbsp...,岛本须美 Sumi Shimamoto / 松田洋治 Y...,2002 ,巴西 法国,犯罪 剧情,9.0,330415人评价
雨中曲,Singin' in the Rain,https://movie.douban.com/subject/1293460/,斯坦利·多南 Stanley Donen / 吉恩·凯利 Gene Kelly,吉恩·...,1952 ,美国,喜剧 歌舞 爱情,9.1,263887人评价
2001太空漫游,2001: A Space Odyssey,https://movie.douban.com/subject/1292226/,斯坦利·库布里克 Stanley Kubrick,凯尔·杜拉 Keir Dullea / ...,1968 ,英国 美国,科幻 惊悚 冒险,8.9,388170人评价
心迷宫,殡棺  /  The Coffin in the Mountain,https://movie.douban.com/subject/25917973/,忻钰坤 Yukun Xin,霍卫民 Weimin Huo / 王笑天 Xiaotian Wang ...,2014 ,中国大陆,剧情 犯罪 悬疑,8.7,608457人评价
英雄本色,A Better Tomorrow  /  Gangland Boss,https://movie.douban.com/subject/1297574/,吴宇森 John Woo,周润发 Yun-Fat Chow / 狄龙 Lung Ti / 张国...,1986 ,中国香港,剧情 动作 犯罪,8.6,600258人评价
机器人之梦,Robot Dreams,https://movie.douban.com/subject/35426925/,巴勃罗·贝格尔 Pablo Berger,伊万·拉班达 Ivan Labanda / 阿...,2023 ,西班牙 法国,剧情 动画 音乐,9.1,398515人评价
记忆碎片,Memento,https://movie.douban.com/subject/1304447/,克里斯托弗·诺兰 Christopher Nolan,盖·皮尔斯 Guy Pearce /...,2000 ,美国,犯罪 剧情 悬疑 惊悚,8.7,662602人评价
纵横四海,縱橫四海,https://movie.douban.com/subject/1295409/,吴宇森 John Woo,周润发 Yun-Fat Chow / 张国荣 Leslie Cheung...,1991 ,中国香港,剧情 喜剧 动作 犯罪,8.8,469494人评价
卢旺达饭店,Hotel Rwanda,https://movie.douban.com/subject/1291822/,特瑞·乔治 Terry George,唐·钱德尔 Don Cheadle / 苏菲·奥...,2004 ,英国 南非 意大利 美国,剧情 传记 历史 战争,8.9,363888人评价
无敌破坏王,Wreck-It Ralph,https://movie.douban.com/subject/6534248/,瑞奇·莫尔 Rich Moore,约翰·C·赖利 John C. Reilly / 萨拉...,2012 ,美国,喜剧 动画 奇幻 冒险,8.7,605254人评价
小偷家族,万引き家族,https://movie.douban.com/subject/27622447/,是枝裕和 Hirokazu Koreeda,中川雅也 Lily Franky / 安藤樱 Sa...,2018 ,日本,剧情 犯罪 家庭,8.7,888392人评价
恐怖游轮,Triangle,https://movie.douban.com/subject/3011051/,克里斯托弗·史密斯 Christopher Smith,梅利莎·乔治 Melissa ...,2009 ,英国 澳大利亚,科幻 悬疑 奇幻 惊悚,8.5,977999人评价
冰川时代,Ice Age,https://movie.douban.com/subject/1291578/,卡洛斯·沙尔丹哈 Carlos Saldanha / 克里斯·韦奇 Chris Wedge主演...,梅利莎·乔治 Melissa ...,2002 ,美国,喜剧 动画 冒险,8.7,679443人评价
牯岭街少年杀人事件,牯嶺街少年殺人事件,https://movie.douban.com/subject/1292329/,杨德昌 Edward Yang,张震 Chen Chang / 杨静怡 Lisa Yang / 张...,1991 ,中国台湾,剧情 犯罪,8.9,362484人评价
东京教父,東京ゴッドファーザーズ,https://movie.douban.com/subject/1310177/,今敏 Satoshi Kon,江守彻 Toru Emori / 梅垣义明 Yoshiaki Ume...,2003 ,日本,剧情 喜剧 动画,9.0,284369人评价
魔女宅急便,魔女の宅急便,https://movie.douban.com/subject/1307811/,宫崎骏 Hayao Miyazaki,高山南 Minami Takayama / 佐久间玲 Re...,1989 ,日本,动画 奇幻 冒险,8.7,519010人评价
岁月神偷,歲月神偷,https://movie.douban.com/subject/3792799/,罗启锐 Alex Law,吴君如 Sandra Ng / 任达华 Simon Yam / 钟绍...,2010 ,中国香港 中国大陆,剧情 家庭,8.7,609485人评价
忠犬八公物语,ハチ公物語,https://movie.douban.com/subject/1959195/,神山征二郎 Seijirô Kôyama,仲代达矢 Tatsuya Nakadai /...,1987 ,日本,剧情,9.2,216389人评价
芙蓉镇,Hibiscus Town,https://movie.douban.com/subject/1297880/,谢晋 Jin Xie,刘晓庆 Xiaoqing Liu / 姜文 Wen Jiang / 郑在石...,1987 ,中国大陆,剧情 爱情,9.3,185469人评价
荒蛮故事,Relatos salvajes,https://movie.douban.com/subject/24750126/,达米安·斯兹弗隆 Damián Szifron,达里奥·葛兰帝内提 Darío...,2014 ,阿根廷 西班牙,剧情 喜剧 犯罪,8.7,511142人评价
遗愿清单,The Bucket List,https://movie.douban.com/subject/1867345/,罗伯·莱纳 Rob Reiner,杰克·尼科尔森 Jack Nicholson / 摩根...,2007 ,美国,冒险 喜剧 剧情,8.7,530436人评价
大佛普拉斯,The Great Buddha+,https://movie.douban.com/subject/27059130/,黄信尧 Hsin-yao Huang,庄益增 Yizeng Zhuang / 陈竹昇 Chu-sh...,2017 ,中国台湾,剧情 喜剧,8.7,546164人评价
源代码,Source Code,https://movie.douban.com/subject/3075287/,邓肯·琼斯 Duncan Jones,杰克·吉伦哈尔 Jake Gyllenhaal / ...,2011 ,美国 加拿大,科幻 悬疑 惊悚,8.6,916901人评价
疯狂的麦克斯4：狂暴之路,Mad Max: Fury Road,https://movie.douban.com/subject/3592854/,乔治·米勒 George Miller,汤姆·哈迪 Tom Hardy / 查理兹·塞...,2015 ,澳大利亚 美国,动作 科幻 冒险,8.7,611759人评价
你看起来好像很好吃,おまえうまそうだな,https://movie.douban.com/subject/4848115/,藤森雅也 Masaya Fujimori,山口胜平 Kappei Yamaguchi / 爱河...,2010 ,日本,剧情 动画 儿童,8.9,371628人评价
贫民窟的百万富翁,Slumdog Millionaire,https://movie.douban.com/subject/2209573/,丹尼·鲍尔 Danny Boyle / 洛芙琳·坦丹 Loveleen Tandan,戴夫...,2008 ,英国,剧情 爱情,8.6,802040人评价
花束般的恋爱,花束みたいな恋をした,https://movie.douban.com/subject/34874432/,土井裕泰 Nobuhiro Doi,菅田将晖 Masaki Suda / 有村架纯 Kasu...,2021 ,日本,剧情 爱情,8.6,809004人评价
可可西里,Kekexili: Mountain Patrol,https://movie.douban.com/subject/1308857/,陆川 Chuan Lu,多布杰 Duobujie / 张磊 Lei Zhang / 亓亮 Qi L...,2004 ,中国大陆 中国香港,剧情 犯罪,8.9,342101人评价
城市之光,City Lights,https://movie.douban.com/subject/1293908/,查理·卓别林 Charles Chaplin,查理·卓别林 Charles Chaplin ...,1931 ,美国,喜剧 剧情 爱情,9.3,170020人评价
波西米亚狂想曲,Bohemian Rhapsody,https://movie.douban.com/subject/5300054/,布莱恩·辛格 Bryan Singer,拉米·马雷克 Rami Malek / 本·哈...,2018 ,英国 美国,剧情 传记 同性 音乐,8.6,682497人评价
东邪西毒,東邪西毒,https://movie.douban.com/subject/1292328/,王家卫 Kar Wai Wong,张国荣 Leslie Cheung / 林青霞 Brigitte...,1994 ,中国香港 中国台湾,剧情 动作 爱情 武侠 古装,8.6,630298人评价
白日梦想家,The Secret Life of Walter Mitty,https://movie.douban.com/subject/2133323/,本·斯蒂勒 Ben Stiller,本·斯蒂勒 Ben Stiller / 克里斯汀·...,2013 ,美国 英国,剧情 喜剧 冒险,8.6,631836人评价
爆裂鼓手,Whiplash,https://movie.douban.com/subject/25773932/,达米恩·查泽雷 Damien Chazelle,迈尔斯·特勒 Miles Teller /...,2014 ,美国,剧情 音乐,8.6,682905人评价
青蛇,Green Snake,https://movie.douban.com/subject/1303394/,徐克 Hark Tsui,张曼玉 Maggie Cheung / 王祖贤 Joey Wang / ...,1993 ,中国香港 中国大陆,剧情 爱情 奇幻 古装,8.6,595590人评价
爱乐之城,La La Land,https://movie.douban.com/subject/25934014/,达米恩·查泽雷 Damien Chazelle,瑞恩·高斯林 Ryan Gosling /...,2016 ,美国,剧情 爱情 歌舞,8.4,1081690人评价
哈利·波特与死亡圣器(上),Harry Potter and the Deathly Hallows: Part 1,https://movie.douban.com/subject/2051007/,大卫·叶茨 David Yates,丹尼尔·雷德克里夫 Daniel Radcliffe...,2010 ,英国 美国,奇幻 冒险,8.6,685525人评价
黑天鹅,Black Swan,https://movie.douban.com/subject/1978709/,达伦·阿罗诺夫斯基 Darren Aronofsky,娜塔莉·波特曼 Natalie...,2010 ,美国,剧情 惊悚,8.6,840651人评价
无耻混蛋,Inglourious Basterds,https://movie.douban.com/subject/1438652/,昆汀·塔伦蒂诺 Quentin Tarantino,布拉德·皮特 Brad Pitt / ...,2009 ,德国 美国,剧情 犯罪,8.7,552795人评价
终结者2：审判日,Terminator 2: Judgment Day,https://movie.douban.com/subject/1291844/,詹姆斯·卡梅隆 James Cameron,阿诺·施瓦辛格 Arnold Schwarz...,1991 ,美国 法国,动作 科幻,8.8,380426人评价
大红灯笼高高挂,Raise The Red Lantern  /  Épouses et concubines,https://movie.douban.com/subject/1293323/,张艺谋 Yimou Zhang,巩俐 Li Gong / 马精武 Jingwu Ma / 何赛...,1991 ,中国大陆 中国香港 中国台湾,剧情,8.8,362866人评价
初恋这件小事,สิ่งเล็กเล็กที่เรียกว่า...รัก,https://movie.douban.com/subject/4739952/,普特鹏·普罗萨卡·那·萨克那卡林 Puttipong Promsaka Na Sakolnakorn / 华森·波克彭...,巩俐 Li Gong / 马精武 Jingwu Ma / 何赛...,2010 ,泰国,剧情 喜剧 爱情,8.5,1045206人评价
新龙门客栈,新龍門客棧,https://movie.douban.com/subject/1292287/,李惠民 Raymond Lee,张曼玉 Maggie Cheung / 林青霞 Brigitte ...,1992 ,中国香港 中国大陆,动作 爱情 武侠 古装,8.7,502912人评价
人工智能,A.I. Artificial Intelligence,https://movie.douban.com/subject/1302827/,史蒂文·斯皮尔伯格 Steven Spielberg,海利·乔·奥斯蒙 Haley...,2001 ,美国 英国,剧情 科幻,8.7,496880人评价
雨人,Rain Man,https://movie.douban.com/subject/1291870/,巴瑞·莱文森 Barry Levinson,达斯汀·霍夫曼 Dustin Hoffman ...,1988 ,美国,剧情,8.7,439727人评价
崖上的波妞,崖の上のポニョ,https://movie.douban.com/subject/1959877/,宫崎骏 Hayao Miyazaki,奈良柚莉爱 Yuria Nara / 土井洋辉 Hir...,2008 ,日本,动画 奇幻 冒险,8.6,568734人评价
千钧一发,Gattaca,https://movie.douban.com/subject/1300117/,安德鲁·尼科尔 Andrew Niccol,伊桑·霍克 Ethan Hawke / 乌玛...,1997 ,美国,剧情 科幻 惊悚,8.8,344760人评价
虎口脱险,La grande vadrouille,https://movie.douban.com/subject/1296909/,杰拉尔·乌里 Gérard Oury,路易·德·菲耐斯 Louis de Funès...,1966 ,法国 英国,喜剧 战争,8.9,291780人评价
罗生门,羅生門,https://movie.douban.com/subject/1291879/,黑泽明 Akira Kurosawa,三船敏郎 Toshirô Mifune / 京町子 ...,1950 ,日本,剧情 犯罪 悬疑,8.8,354252人评价
真爱至上,Love Actually,https://movie.douban.com/subject/1292401/,理查德·柯蒂斯 Richard Curtis,休·格兰特 Hugh Grant / 连姆...,2003 ,英国 美国 法国,喜剧 剧情 爱情,8.5,798871人评价
哈利·波特与凤凰社,Harry Potter and the Order of the Phoenix,https://movie.douban.com/subject/1457217/,大卫·叶茨 David Yates,丹尼尔·雷德克里夫 Daniel Radcliffe...,2007 ,英国 美国,奇幻 冒险,8.6,684963人评价
彗星来的那一夜,Coherence,https://movie.douban.com/subject/25807345/,詹姆斯·沃德·布柯特 James Ward Byrkit,艾米丽·芭尔多尼 Em...,2013 ,美国 英国,科幻 悬疑 惊悚,8.6,674411人评价
恋恋笔记本,The Notebook,https://movie.douban.com/subject/1309163/,尼克·卡索维茨 Nick Cassavetes,瑞恩·高斯林 Ryan Gosling /...,2004 ,美国,剧情 爱情,8.5,741177人评价
海边的曼彻斯特,Manchester by the Sea,https://movie.douban.com/subject/25980443/,肯尼斯·罗纳根 Kenneth Lonergan,卡西·阿弗莱克 Casey Affle...,2016 ,美国,剧情 家庭,8.6,642425人评价
火星救援,The Martian,https://movie.douban.com/subject/25864085/,雷德利·斯科特 Ridley Scott,马特·达蒙 Matt Damon / 杰西卡...,2015 ,英国 美国 匈牙利 约旦,剧情 科幻 冒险,8.5,822386人评价
黑客帝国2：重装上阵,The Matrix Reloaded,https://movie.douban.com/subject/1304141/,拉娜·沃卓斯基 Lana Wachowski / 莉莉·沃卓斯基 Lilly Wachowski...,马特·达蒙 Matt Damon / 杰西卡...,2003 ,美国,动作 科幻,8.7,450670人评价
奇迹男孩,Wonder,https://movie.douban.com/subject/26787574/,斯蒂芬·卓博斯基 Stephen Chbosky,雅各布·特伦布莱 Jacob Tr...,2017 ,美国 中国香港,剧情 儿童 家庭,8.6,596339人评价
步履不停,歩いても 歩いても,https://movie.douban.com/subject/2222996/,是枝裕和 Hirokazu Koreeda,阿部宽 Hiroshi Abe / 夏川结衣 Yu...,2008 ,日本,剧情 家庭,8.8,321673人评价
千年女优,千年女優,https://movie.douban.com/subject/1307394/,今敏 Satoshi Kon,庄司美代子 Miyoko Shôji / 小山茉美 Mam...,2001 ,日本,动画 剧情 爱情,8.8,313803人评价
战争之王,Lord of War,https://movie.douban.com/subject/1419936/,安德鲁·尼科尔 Andrew Niccol,尼古拉斯·凯奇 Nicolas Cage /...,2005 ,美国 德国,剧情 犯罪,8.7,411150人评价
萤火虫之墓,火垂るの墓,https://movie.douban.com/subject/1293318/,高畑勋 Isao Takahata,辰己努 / 白石绫乃 / 志乃原良子,1988 ,日本,动画 剧情 战争,8.7,436144人评价
谍影重重2,The Bourne Supremacy,https://movie.douban.com/subject/1308767/,保罗·格林格拉斯 Paul Greengrass,马特·达蒙 Matt Damon / ...,2004 ,美国 德国,动作 悬疑 惊悚,8.7,395198人评价
攻壳机动队,攻殻機動隊,https://movie.douban.com/subject/1291936/,押井守 Mamoru Oshii,田中敦子 Atsuko Tanaka / 大冢明夫 Akio...,1995 ,日本,动作 科幻 动画,9.0,213494人评价
蜘蛛侠：平行宇宙,Spider-Man: Into the Spider-Verse,https://movie.douban.com/subject/26374197/,鲍勃·佩尔西凯蒂 Bob Persichetti / 彼得·拉姆齐 Peter Ramsey主...,田中敦子 Atsuko Tanaka / 大冢明夫 Akio...,2018 ,美国,动作 科幻 动画 冒险,8.6,748971人评价
冰雪奇缘,Frozen,https://movie.douban.com/subject/4202982/,克里斯·巴克 Chris Buck / 珍妮弗·李 Jennifer Lee,克里斯汀...,2013 ,美国,喜剧 动画 奇幻 歌舞,8.5,812105人评价
血钻,Blood Diamond,https://movie.douban.com/subject/1428175/,爱德华·兹威克 Edward Zwick,莱昂纳多·迪卡普里奥 Leonardo ...,2006 ,美国 德国 英国,剧情 惊悚 冒险,8.7,418184人评价
魂断蓝桥,Waterloo Bridge,https://movie.douban.com/subject/1293964/,茂文·勒鲁瓦 Mervyn LeRoy,费雯·丽 Vivien Leigh / 罗伯特·...,1940 ,美国,剧情 爱情 战争,8.8,307616人评价
隐藏人物,Hidden Figures,https://movie.douban.com/subject/26615208/,特奥多尔·梅尔菲 Theodore Melfi,塔拉吉·P·汉森 Taraji P. ...,2016 ,美国,剧情 传记 历史,8.9,266668人评价
房间,Room,https://movie.douban.com/subject/25724855/,伦尼·阿伯拉罕森 Lenny Abrahamson,布丽·拉尔森 Brie Larson...,2015 ,爱尔兰 加拿大 英国 美国,剧情 家庭,8.7,397231人评价
小姐,아가씨,https://movie.douban.com/subject/25977027/,朴赞郁 Chan-wook Park,金敏喜 Min-hee Kim / 金泰梨 Tae-ri K...,2016 ,韩国,剧情 悬疑 情色 同性,8.5,562230人评价
